case_id,activity,timestamp,resource
ORD-00001,Receive Order,2026-03-10T06:51:56.657996+00:00,
ORD-00001,Credit Check,2026-03-10T09:25:42.449592+00:00,Credit Team
ORD-00001,Approve Order,2026-03-10T10:04:08.677242+00:00,Sales Manager
ORD-00001,Ship Item,2026-03-11T04:00:28.493775+00:00,Warehouse
ORD-00001,Send Invoice,2026-03-11T04:07:33.911498+00:00,Finance
ORD-00001,Payment Received,2026-03-17T12:35:59.799396+00:00,Finance
ORD-00001,Close Order,2026-03-17T12:42:07.562864+00:00,
ORD-00002,Receive Order,2026-03-07T05:47:03.784424+00:00,
ORD-00002,Credit Check,2026-03-07T07:55:27.009744+00:00,Credit Team
ORD-00002,Approve Order,2026-03-07T09:03:30.748059+00:00,Sales Manager
ORD-00002,Ship Item,2026-03-07T10:40:07.926349+00:00,Warehouse
ORD-00002,Send Invoice,2026-03-07T10:42:55.298680+00:00,Finance
ORD-00002,Payment Received,2026-03-12T08:17:55.391225+00:00,Finance
ORD-00002,Close Order,2026-03-12T08:51:04.484066+00:00,
ORD-00003,Receive Order,2026-03-04T10:07:26.400184+00:00,
ORD-00003,Credit Check,2026-03-04T16:41:41.022514+00:00,Credit Team
ORD-00003,Approve Order,2026-03-04T16:57:21.964700+00:00,Sales Manager
ORD-00003,Ship Item,2026-03-05T12:29:23.798752+00:00,Warehouse
ORD-00003,Send Invoice,2026-03-05T12:36:40.794025+00:00,Finance
ORD-00003,Payment Received,2026-03-08T13:36:26.661788+00:00,Finance
ORD-00003,Close Order,2026-03-08T13:46:37.059217+00:00,
ORD-00004,Receive Order,2026-03-14T17:39:45.714832+00:00,
ORD-00004,Credit Check,2026-03-14T18:51:29.852603+00:00,Credit Team
ORD-00004,Approve Order,2026-03-14T19:16:39.165777+00:00,Sales Manager
ORD-00004,Ship Item,2026-03-15T15:46:11.699311+00:00,Warehouse
ORD-00004,Send Invoice,2026-03-15T15:52:37.711368+00:00,Finance
ORD-00004,Payment Received,2026-03-21T12:06:13.008233+00:00,Finance
ORD-00004,Close Order,2026-03-21T12:50:16.258758+00:00,
ORD-00005,Receive Order,2026-03-08T20:15:15.047207+00:00,
ORD-00005,Credit Check,2026-03-08T23:35:35.475392+00:00,Credit Team
ORD-00005,Approve Order,2026-03-09T00:48:33.331369+00:00,Sales Manager
ORD-00005,Ship Item,2026-03-09T20:53:08.037569+00:00,Warehouse
ORD-00005,Send Invoice,2026-03-09T20:59:42.038235+00:00,Finance
ORD-00005,Payment Received,2026-03-16T01:04:50.895356+00:00,Finance
ORD-00005,Close Order,2026-03-16T01:39:54.721950+00:00,
ORD-00006,Receive Order,2026-03-11T04:45:21.090938+00:00,
ORD-00006,Credit Check,2026-03-11T06:57:54.344381+00:00,Credit Team
ORD-00006,Approve Order,2026-03-11T07:43:17.488552+00:00,Sales Manager
ORD-00006,Ship Item,2026-03-11T10:33:24.264241+00:00,Warehouse
ORD-00006,Send Invoice,2026-03-11T10:36:29.971320+00:00,Finance
ORD-00006,Payment Received,2026-03-13T01:09:09.112326+00:00,Finance
ORD-00006,Close Order,2026-03-13T01:26:33.138881+00:00,
ORD-00007,Receive Order,2026-03-10T05:37:51.463505+00:00,
ORD-00007,Credit Check,2026-03-10T08:54:26.349617+00:00,Credit Team
ORD-00007,Approve Order,2026-03-10T09:31:26.243911+00:00,Sales Manager
ORD-00007,Ship Item,2026-03-10T16:39:52.007577+00:00,Warehouse
ORD-00007,Send Invoice,2026-03-10T16:49:17.801054+00:00,Finance
ORD-00007,Payment Received,2026-03-15T14:08:19.344766+00:00,Finance
ORD-00007,Close Order,2026-03-15T14:45:15.668526+00:00,
ORD-00008,Receive Order,2026-03-03T17:34:04.299292+00:00,
ORD-00008,Credit Check,2026-03-03T19:17:36.166624+00:00,Credit Team
ORD-00008,Approve Order,2026-03-03T20:12:26.735907+00:00,Sales Manager
ORD-00008,Ship Item,2026-03-04T19:57:59.269340+00:00,Warehouse
ORD-00008,Send Invoice,2026-03-04T20:04:44.869210+00:00,Finance
ORD-00008,Payment Received,2026-03-09T04:16:47.616383+00:00,Finance
ORD-00008,Close Order,2026-03-09T04:58:11.150832+00:00,
ORD-00009,Receive Order,2026-03-13T03:15:59.922641+00:00,
ORD-00009,Credit Check,2026-03-13T05:29:04.220584+00:00,Credit Team
ORD-00009,Approve Order,2026-03-13T05:47:26.452121+00:00,Sales Manager
ORD-00009,Ship Item,2026-03-13T14:02:45.964500+00:00,Warehouse
ORD-00009,Send Invoice,2026-03-13T14:06:10.544573+00:00,Finance
ORD-00009,Payment Received,2026-03-15T20:29:04.050688+00:00,Finance
ORD-00009,Close Order,2026-03-15T21:25:41.951077+00:00,
ORD-00010,Receive Order,2026-03-13T14:29:49.803672+00:00,
ORD-00010,Credit Check,2026-03-13T19:54:46.647635+00:00,Credit Team
ORD-00010,Approve Order,2026-03-13T20:51:19.128612+00:00,Sales Manager
ORD-00010,Ship Item,2026-03-14T18:53:23.669043+00:00,Warehouse
ORD-00010,Send Invoice,2026-03-14T18:58:31.449043+00:00,Finance
ORD-00010,Payment Received,2026-03-17T09:07:05.327356+00:00,Finance
ORD-00010,Close Order,2026-03-17T09:22:38.388733+00:00,
ORD-00011,Receive Order,2026-03-09T04:39:13.953070+00:00,
ORD-00011,Credit Check,2026-03-09T09:32:17.774806+00:00,Credit Team
ORD-00011,Approve Order,2026-03-09T11:21:34.058973+00:00,Sales Manager
ORD-00011,Ship Item,2026-03-09T21:32:44.420799+00:00,Warehouse
ORD-00011,Send Invoice,2026-03-09T21:35:42.854009+00:00,Finance
ORD-00011,Payment Received,2026-03-16T21:14:26.349216+00:00,Finance
ORD-00011,Close Order,2026-03-16T21:45:30.072296+00:00,
ORD-00012,Receive Order,2026-03-02T14:33:55.332895+00:00,
ORD-00012,Credit Check,2026-03-02T15:53:15.859414+00:00,Credit Team
ORD-00012,Approve Order,2026-03-02T17:14:08.769477+00:00,Sales Manager
ORD-00012,Ship Item,2026-03-03T12:27:12.940846+00:00,Warehouse
ORD-00012,Send Invoice,2026-03-03T12:32:00.907228+00:00,Finance
ORD-00012,Payment Received,2026-03-04T21:40:53.670097+00:00,Finance
ORD-00012,Close Order,2026-03-04T22:04:24.602371+00:00,
ORD-00013,Receive Order,2026-03-15T06:44:55.408981+00:00,
ORD-00013,Credit Check,2026-03-15T14:31:54.525177+00:00,Credit Team
ORD-00013,Approve Order,2026-03-15T16:17:17.437301+00:00,Sales Manager
ORD-00013,Ship Item,2026-03-15T17:33:08.065918+00:00,Warehouse
ORD-00013,Send Invoice,2026-03-15T17:40:37.255700+00:00,Finance
ORD-00013,Payment Received,2026-03-20T19:50:35.911003+00:00,Finance
ORD-00013,Close Order,2026-03-20T20:23:16.785973+00:00,
ORD-00014,Receive Order,2026-03-05T01:42:45.580599+00:00,
ORD-00014,Credit Check,2026-03-05T03:02:57.489286+00:00,Credit Team
ORD-00014,Approve Order,2026-03-05T04:03:36.510365+00:00,Sales Manager
ORD-00014,Ship Item,2026-03-05T15:29:44.833249+00:00,Warehouse
ORD-00014,Send Invoice,2026-03-05T15:39:19.893850+00:00,Finance
ORD-00014,Payment Received,2026-03-11T21:46:42.058142+00:00,Finance
ORD-00014,Close Order,2026-03-11T22:03:14.455382+00:00,
ORD-00015,Receive Order,2026-03-08T08:13:31.838797+00:00,
ORD-00015,Credit Check,2026-03-08T15:34:12.790459+00:00,Credit Team
ORD-00015,Approve Order,2026-03-08T17:20:37.057449+00:00,Sales Manager
ORD-00015,Ship Item,2026-03-09T01:12:28.286181+00:00,Warehouse
ORD-00015,Send Invoice,2026-03-09T01:19:13.318908+00:00,Finance
ORD-00015,Payment Received,2026-03-13T17:00:43.476518+00:00,Finance
ORD-00015,Close Order,2026-03-13T17:10:44.527529+00:00,
ORD-00016,Receive Order,2026-03-12T00:15:22.514738+00:00,
ORD-00016,Credit Check,2026-03-12T06:35:45.429661+00:00,Credit Team
ORD-00016,Approve Order,2026-03-12T07:46:26.657796+00:00,Sales Manager
ORD-00016,Ship Item,2026-03-12T08:47:14.010795+00:00,Warehouse
ORD-00016,Send Invoice,2026-03-12T08:51:09.055066+00:00,Finance
ORD-00016,Payment Received,2026-03-13T11:39:25.798319+00:00,Finance
ORD-00016,Close Order,2026-03-13T12:35:14.807421+00:00,
ORD-00017,Receive Order,2026-03-13T15:19:21.583142+00:00,
ORD-00017,Credit Check,2026-03-13T18:07:44.464528+00:00,Credit Team
ORD-00017,Approve Order,2026-03-13T18:28:49.393077+00:00,Sales Manager
ORD-00017,Ship Item,2026-03-14T15:40:28.587891+00:00,Warehouse
ORD-00017,Send Invoice,2026-03-14T15:49:59.940591+00:00,Finance
ORD-00017,Payment Received,2026-03-16T04:10:02.690143+00:00,Finance
ORD-00017,Close Order,2026-03-16T04:39:43.096383+00:00,
ORD-00018,Receive Order,2026-03-02T07:19:22.006859+00:00,
ORD-00018,Credit Check,2026-03-02T13:33:59.536450+00:00,Credit Team
ORD-00018,Approve Order,2026-03-02T14:02:28.402676+00:00,Sales Manager
ORD-00018,Ship Item,2026-03-03T01:58:21.783583+00:00,Warehouse
ORD-00018,Send Invoice,2026-03-03T02:04:18.677523+00:00,Finance
ORD-00018,Payment Received,2026-03-05T16:14:24.033966+00:00,Finance
ORD-00018,Close Order,2026-03-05T17:06:52.446931+00:00,
ORD-00019,Receive Order,2026-03-07T06:12:18.484036+00:00,
ORD-00019,Credit Check,2026-03-07T10:44:59.478433+00:00,Credit Team
ORD-00019,Approve Order,2026-03-07T12:16:38.044168+00:00,Sales Manager
ORD-00019,Ship Item,2026-03-07T17:54:13.352217+00:00,Warehouse
ORD-00019,Send Invoice,2026-03-07T17:58:01.679014+00:00,Finance
ORD-00019,Payment Received,2026-03-14T17:16:07.105507+00:00,Finance
ORD-00019,Close Order,2026-03-14T17:55:27.673831+00:00,
ORD-00020,Receive Order,2026-03-07T11:15:10.079705+00:00,
ORD-00020,Credit Check,2026-03-07T12:39:37.192993+00:00,Credit Team
ORD-00020,Approve Order,2026-03-07T13:18:12.786216+00:00,Sales Manager
ORD-00020,Ship Item,2026-03-07T22:04:46.270762+00:00,Warehouse
ORD-00020,Send Invoice,2026-03-07T22:11:03.957470+00:00,Finance
ORD-00020,Payment Received,2026-03-10T07:19:15.434848+00:00,Finance
ORD-00020,Close Order,2026-03-10T07:33:15.004389+00:00,
ORD-00021,Receive Order,2026-03-02T07:54:44.701547+00:00,
ORD-00021,Credit Check,2026-03-02T10:07:46.129710+00:00,Credit Team
ORD-00021,Approve Order,2026-03-02T11:57:50.275792+00:00,Sales Manager
ORD-00021,Ship Item,2026-03-03T08:44:08.086933+00:00,Warehouse
ORD-00021,Send Invoice,2026-03-03T08:45:46.349902+00:00,Finance
ORD-00021,Payment Received,2026-03-05T19:02:07.952359+00:00,Finance
ORD-00021,Close Order,2026-03-05T19:42:36.133694+00:00,
ORD-00022,Receive Order,2026-03-04T08:00:32.597039+00:00,
ORD-00022,Credit Check,2026-03-04T15:31:31.481535+00:00,Credit Team
ORD-00022,Approve Order,2026-03-04T16:46:29.053023+00:00,Sales Manager
ORD-00022,Ship Item,2026-03-05T04:38:46.214002+00:00,Warehouse
ORD-00022,Send Invoice,2026-03-05T04:46:49.908491+00:00,Finance
ORD-00022,Payment Received,2026-03-11T01:03:36.352133+00:00,Finance
ORD-00022,Close Order,2026-03-11T01:15:50.403230+00:00,
ORD-00023,Receive Order,2026-03-02T16:36:50.965175+00:00,
ORD-00023,Credit Check,2026-03-02T20:17:27.587997+00:00,Credit Team
ORD-00023,Approve Order,2026-03-02T21:21:29.843406+00:00,Sales Manager
ORD-00023,Ship Item,2026-03-03T15:07:37.323741+00:00,Warehouse
ORD-00023,Send Invoice,2026-03-03T15:14:40.940597+00:00,Finance
ORD-00023,Payment Received,2026-03-10T12:57:52.186169+00:00,Finance
ORD-00023,Close Order,2026-03-10T13:04:40.585433+00:00,
ORD-00024,Receive Order,2026-03-06T23:19:12.135456+00:00,
ORD-00024,Credit Check,2026-03-07T06:16:57.293938+00:00,Credit Team
ORD-00024,Approve Order,2026-03-07T06:58:03.828842+00:00,Sales Manager
ORD-00024,Ship Item,2026-03-07T12:20:33.126461+00:00,Warehouse
ORD-00024,Send Invoice,2026-03-07T12:25:35.377777+00:00,Finance
ORD-00024,Payment Received,2026-03-11T01:10:38.819867+00:00,Finance
ORD-00024,Close Order,2026-03-11T01:28:04.869679+00:00,
ORD-00025,Receive Order,2026-03-04T20:00:47.463102+00:00,
ORD-00025,Credit Check,2026-03-04T23:50:11.993218+00:00,Credit Team
ORD-00025,Approve Order,2026-03-05T01:35:38.492578+00:00,Sales Manager
ORD-00025,Ship Item,2026-03-05T15:15:05.428449+00:00,Warehouse
ORD-00025,Send Invoice,2026-03-05T15:16:32.746147+00:00,Finance
ORD-00025,Payment Received,2026-03-12T15:10:20.777772+00:00,Finance
ORD-00025,Close Order,2026-03-12T16:00:40.315423+00:00,
ORD-00026,Receive Order,2026-03-14T21:39:40.200888+00:00,
ORD-00026,Credit Check,2026-03-15T04:31:34.985717+00:00,Credit Team
ORD-00026,Approve Order,2026-03-15T05:04:02.745714+00:00,Sales Manager
ORD-00026,Ship Item,2026-03-15T17:14:13.830901+00:00,Warehouse
ORD-00026,Send Invoice,2026-03-15T17:17:09.254443+00:00,Finance
ORD-00026,Payment Received,2026-03-19T03:02:08.542101+00:00,Finance
ORD-00026,Close Order,2026-03-19T03:06:36.111417+00:00,
ORD-00027,Receive Order,2026-03-06T15:25:02.358837+00:00,
ORD-00027,Credit Check,2026-03-06T17:54:22.841408+00:00,Credit Team
ORD-00027,Approve Order,2026-03-06T19:31:42.486200+00:00,Sales Manager
ORD-00027,Ship Item,2026-03-07T06:59:37.179016+00:00,Warehouse
ORD-00027,Send Invoice,2026-03-07T07:04:25.603058+00:00,Finance
ORD-00027,Payment Received,2026-03-14T00:55:39.068080+00:00,Finance
ORD-00027,Close Order,2026-03-14T01:55:22.864401+00:00,
ORD-00028,Receive Order,2026-03-09T02:48:09.781977+00:00,
ORD-00028,Credit Check,2026-03-09T04:27:49.296259+00:00,Credit Team
ORD-00028,Approve Order,2026-03-09T05:13:58.555560+00:00,Sales Manager
ORD-00028,Ship Item,2026-03-10T04:30:47.690979+00:00,Warehouse
ORD-00028,Send Invoice,2026-03-10T04:37:00.448336+00:00,Finance
ORD-00028,Payment Received,2026-03-14T10:41:34.440728+00:00,Finance
ORD-00028,Close Order,2026-03-14T11:26:42.274212+00:00,
ORD-00029,Receive Order,2026-03-02T03:15:47.316732+00:00,
ORD-00029,Credit Check,2026-03-02T07:32:04.277071+00:00,Credit Team
ORD-00029,Approve Order,2026-03-02T09:16:36.412391+00:00,Sales Manager
ORD-00029,Ship Item,2026-03-02T13:53:51.842264+00:00,Warehouse
ORD-00029,Send Invoice,2026-03-02T14:03:30.662872+00:00,Finance
ORD-00029,Payment Received,2026-03-04T01:35:40.446453+00:00,Finance
ORD-00029,Close Order,2026-03-04T01:47:38.266815+00:00,
ORD-00030,Receive Order,2026-03-09T15:59:36.515775+00:00,
ORD-00030,Credit Check,2026-03-09T18:15:27.020940+00:00,Credit Team
ORD-00030,Approve Order,2026-03-09T18:43:02.306608+00:00,Sales Manager
ORD-00030,Ship Item,2026-03-10T16:11:38.096218+00:00,Warehouse
ORD-00030,Send Invoice,2026-03-10T16:14:51.052506+00:00,Finance
ORD-00030,Payment Received,2026-03-15T05:51:29.781698+00:00,Finance
ORD-00030,Close Order,2026-03-15T06:29:02.392245+00:00,
ORD-00031,Receive Order,2026-03-07T04:54:54.538939+00:00,
ORD-00031,Credit Check,2026-03-07T09:20:09.672258+00:00,Credit Team
ORD-00031,Approve Order,2026-03-07T11:13:18.321682+00:00,Sales Manager
ORD-00031,Ship Item,2026-03-07T16:55:10.983394+00:00,Warehouse
ORD-00031,Send Invoice,2026-03-07T17:02:37.726966+00:00,Finance
ORD-00031,Payment Received,2026-03-10T03:24:52.524802+00:00,Finance
ORD-00031,Close Order,2026-03-10T03:49:13.606700+00:00,
ORD-00032,Receive Order,2026-03-10T17:43:28.492991+00:00,
ORD-00032,Credit Check,2026-03-10T20:35:45.277290+00:00,Credit Team
ORD-00032,Approve Order,2026-03-10T22:09:42.023592+00:00,Sales Manager
ORD-00032,Ship Item,2026-03-11T00:49:48.593472+00:00,Warehouse
ORD-00032,Send Invoice,2026-03-11T00:54:56.067654+00:00,Finance
ORD-00032,Payment Received,2026-03-18T00:41:34.849793+00:00,Finance
ORD-00032,Close Order,2026-03-18T01:41:21.031218+00:00,
ORD-00033,Receive Order,2026-03-02T08:38:47.325277+00:00,
ORD-00033,Credit Check,2026-03-02T11:08:07.736475+00:00,Credit Team
ORD-00033,Approve Order,2026-03-02T13:01:07.270556+00:00,Sales Manager
ORD-00033,Ship Item,2026-03-03T10:16:42.824137+00:00,Warehouse
ORD-00033,Send Invoice,2026-03-03T10:25:37.630068+00:00,Finance
ORD-00033,Payment Received,2026-03-06T15:38:20.472870+00:00,Finance
ORD-00033,Close Order,2026-03-06T15:48:38.896657+00:00,
ORD-00034,Receive Order,2026-03-13T00:12:06.746714+00:00,
ORD-00034,Credit Check,2026-03-13T05:17:22.046389+00:00,Credit Team
ORD-00034,Approve Order,2026-03-13T07:16:01.614690+00:00,Sales Manager
ORD-00034,Ship Item,2026-03-13T23:18:30.853796+00:00,Warehouse
ORD-00034,Send Invoice,2026-03-13T23:19:35.078274+00:00,Finance
ORD-00034,Payment Received,2026-03-19T20:59:21.861918+00:00,Finance
ORD-00034,Close Order,2026-03-19T21:18:01.662701+00:00,
ORD-00035,Receive Order,2026-03-10T14:58:40.332824+00:00,
ORD-00035,Credit Check,2026-03-10T16:29:06.192913+00:00,Credit Team
ORD-00035,Approve Order,2026-03-10T16:56:13.393537+00:00,Sales Manager
ORD-00035,Ship Item,2026-03-10T20:23:55.972491+00:00,Warehouse
ORD-00035,Send Invoice,2026-03-10T20:29:54.713257+00:00,Finance
ORD-00035,Payment Received,2026-03-13T11:43:00.026521+00:00,Finance
ORD-00035,Close Order,2026-03-13T12:19:41.124109+00:00,
ORD-00036,Receive Order,2026-03-11T09:08:52.564918+00:00,
ORD-00036,Credit Check,2026-03-11T14:24:16.989808+00:00,Credit Team
ORD-00036,Approve Order,2026-03-11T15:07:00.088388+00:00,Sales Manager
ORD-00036,Ship Item,2026-03-12T03:21:10.525746+00:00,Warehouse
ORD-00036,Send Invoice,2026-03-12T03:30:19.407451+00:00,Finance
ORD-00036,Payment Received,2026-03-18T05:20:39.572423+00:00,Finance
ORD-00036,Close Order,2026-03-18T05:27:06.308999+00:00,
ORD-00037,Receive Order,2026-03-07T06:21:23.657747+00:00,
ORD-00037,Credit Check,2026-03-07T06:52:59.391352+00:00,Credit Team
ORD-00037,Approve Order,2026-03-07T08:28:57.442457+00:00,Sales Manager
ORD-00037,Ship Item,2026-03-08T00:08:10.430098+00:00,Warehouse
ORD-00037,Send Invoice,2026-03-08T00:11:31.885940+00:00,Finance
ORD-00037,Payment Received,2026-03-13T10:55:45.988828+00:00,Finance
ORD-00037,Close Order,2026-03-13T11:29:18.937519+00:00,
ORD-00038,Receive Order,2026-03-07T07:43:12.417927+00:00,
ORD-00038,Credit Check,2026-03-07T08:47:04.002149+00:00,Credit Team
ORD-00038,Approve Order,2026-03-07T10:34:47.572427+00:00,Sales Manager
ORD-00038,Ship Item,2026-03-08T08:22:12.858152+00:00,Warehouse
ORD-00038,Send Invoice,2026-03-08T08:28:07.476908+00:00,Finance
ORD-00038,Payment Received,2026-03-14T08:39:01.535217+00:00,Finance
ORD-00038,Close Order,2026-03-14T09:14:23.619082+00:00,
ORD-00039,Receive Order,2026-03-03T09:47:04.829947+00:00,
ORD-00039,Credit Check,2026-03-03T12:35:47.805395+00:00,Credit Team
ORD-00039,Approve Order,2026-03-03T14:25:11.388774+00:00,Sales Manager
ORD-00039,Ship Item,2026-03-04T09:43:50.315619+00:00,Warehouse
ORD-00039,Send Invoice,2026-03-04T09:52:35.095013+00:00,Finance
ORD-00039,Payment Received,2026-03-10T19:19:17.626588+00:00,Finance
ORD-00039,Close Order,2026-03-10T19:32:41.297534+00:00,
ORD-00040,Receive Order,2026-03-04T19:51:55.843033+00:00,
ORD-00040,Credit Check,2026-03-05T02:12:58.981564+00:00,Credit Team
ORD-00040,Approve Order,2026-03-05T04:00:49.030183+00:00,Sales Manager
ORD-00040,Ship Item,2026-03-05T14:21:37.078061+00:00,Warehouse
ORD-00040,Send Invoice,2026-03-05T14:28:12.235276+00:00,Finance
ORD-00040,Payment Received,2026-03-07T12:43:32.685867+00:00,Finance
ORD-00040,Close Order,2026-03-07T13:39:24.464663+00:00,
ORD-00041,Receive Order,2026-03-13T10:35:21.339596+00:00,
ORD-00041,Credit Check,2026-03-13T17:10:12.176034+00:00,Credit Team
ORD-00041,Approve Order,2026-03-13T18:57:45.098123+00:00,Sales Manager
ORD-00041,Ship Item,2026-03-13T20:31:57.408888+00:00,Warehouse
ORD-00041,Send Invoice,2026-03-13T20:39:35.153703+00:00,Finance
ORD-00041,Payment Received,2026-03-16T20:29:40.100286+00:00,Finance
ORD-00041,Close Order,2026-03-16T21:25:35.188523+00:00,
ORD-00042,Receive Order,2026-03-12T13:37:30.999425+00:00,
ORD-00042,Credit Check,2026-03-12T20:12:21.230973+00:00,Credit Team
ORD-00042,Approve Order,2026-03-12T20:55:22.106943+00:00,Sales Manager
ORD-00042,Ship Item,2026-03-13T16:01:56.716299+00:00,Warehouse
ORD-00042,Send Invoice,2026-03-13T16:03:55.087937+00:00,Finance
ORD-00042,Payment Received,2026-03-19T21:39:26.348196+00:00,Finance
ORD-00042,Close Order,2026-03-19T22:31:05.768306+00:00,
ORD-00043,Receive Order,2026-03-04T10:48:31.805528+00:00,
ORD-00043,Credit Check,2026-03-04T14:45:39.992864+00:00,Credit Team
ORD-00043,Approve Order,2026-03-04T15:32:42.695328+00:00,Sales Manager
ORD-00043,Ship Item,2026-03-05T10:50:17.302658+00:00,Warehouse
ORD-00043,Send Invoice,2026-03-05T10:53:20.204221+00:00,Finance
ORD-00043,Payment Received,2026-03-06T14:17:47.847170+00:00,Finance
ORD-00043,Close Order,2026-03-06T14:30:11.526621+00:00,
ORD-00044,Receive Order,2026-03-05T22:22:13.100875+00:00,
ORD-00044,Credit Check,2026-03-06T06:07:19.106684+00:00,Credit Team
ORD-00044,Approve Order,2026-03-06T06:51:37.594138+00:00,Sales Manager
ORD-00044,Ship Item,2026-03-06T22:36:52.282095+00:00,Warehouse
ORD-00044,Send Invoice,2026-03-06T22:41:28.108423+00:00,Finance
ORD-00044,Payment Received,2026-03-13T19:58:36.106267+00:00,Finance
ORD-00044,Close Order,2026-03-13T20:31:14.309960+00:00,
ORD-00045,Receive Order,2026-03-14T11:36:28.926957+00:00,
ORD-00045,Credit Check,2026-03-14T19:23:09.743455+00:00,Credit Team
ORD-00045,Approve Order,2026-03-14T19:56:54.720697+00:00,Sales Manager
ORD-00045,Ship Item,2026-03-15T19:05:12.562042+00:00,Warehouse
ORD-00045,Send Invoice,2026-03-15T19:08:35.913878+00:00,Finance
ORD-00045,Payment Received,2026-03-17T10:45:11.794354+00:00,Finance
ORD-00045,Close Order,2026-03-17T11:11:50.150059+00:00,
ORD-00046,Receive Order,2026-03-11T12:49:43.387921+00:00,
ORD-00046,Credit Check,2026-03-11T17:52:31.026960+00:00,Credit Team
ORD-00046,Approve Order,2026-03-11T19:01:12.992236+00:00,Sales Manager
ORD-00046,Ship Item,2026-03-12T04:52:47.174117+00:00,Warehouse
ORD-00046,Send Invoice,2026-03-12T04:58:58.531660+00:00,Finance
ORD-00046,Payment Received,2026-03-14T17:39:46.678842+00:00,Finance
ORD-00046,Close Order,2026-03-14T18:22:35.778747+00:00,
ORD-00047,Receive Order,2026-03-01T08:38:47.908173+00:00,
ORD-00047,Credit Check,2026-03-01T13:11:06.112095+00:00,Credit Team
ORD-00047,Approve Order,2026-03-01T14:41:38.521090+00:00,Sales Manager
ORD-00047,Ship Item,2026-03-02T08:45:31.987535+00:00,Warehouse
ORD-00047,Send Invoice,2026-03-02T08:52:34.126927+00:00,Finance
ORD-00047,Payment Received,2026-03-05T13:19:26.537898+00:00,Finance
ORD-00047,Close Order,2026-03-05T13:24:34.245189+00:00,
ORD-00048,Receive Order,2026-03-10T15:13:21.151678+00:00,
ORD-00048,Credit Check,2026-03-10T18:04:36.874095+00:00,Credit Team
ORD-00048,Approve Order,2026-03-10T19:48:39.370356+00:00,Sales Manager
ORD-00048,Ship Item,2026-03-11T13:21:55.023334+00:00,Warehouse
ORD-00048,Send Invoice,2026-03-11T13:25:37.197359+00:00,Finance
ORD-00048,Payment Received,2026-03-14T09:57:50.366248+00:00,Finance
ORD-00048,Close Order,2026-03-14T10:22:56.077145+00:00,
ORD-00049,Receive Order,2026-03-06T23:14:34.465434+00:00,
ORD-00049,Credit Check,2026-03-07T00:41:51.236009+00:00,Credit Team
ORD-00049,Approve Order,2026-03-07T01:41:00.047912+00:00,Sales Manager
ORD-00049,Ship Item,2026-03-08T00:18:42.159848+00:00,Warehouse
ORD-00049,Send Invoice,2026-03-08T00:25:47.911538+00:00,Finance
ORD-00049,Payment Received,2026-03-14T10:26:02.306446+00:00,Finance
ORD-00049,Close Order,2026-03-14T11:03:21.229248+00:00,
ORD-00050,Receive Order,2026-03-05T13:10:20.473206+00:00,
ORD-00050,Credit Check,2026-03-05T13:40:31.433578+00:00,Credit Team
ORD-00050,Approve Order,2026-03-05T14:25:38.989994+00:00,Sales Manager
ORD-00050,Ship Item,2026-03-06T01:18:53.728813+00:00,Warehouse
ORD-00050,Send Invoice,2026-03-06T01:25:06.920595+00:00,Finance
ORD-00050,Payment Received,2026-03-10T23:41:46.315923+00:00,Finance
ORD-00050,Close Order,2026-03-11T00:10:12.374116+00:00,
ORD-00051,Receive Order,2026-03-07T12:35:47.781575+00:00,
ORD-00051,Credit Check,2026-03-07T16:38:43.808595+00:00,Credit Team
ORD-00051,Approve Order,2026-03-07T18:28:21.247798+00:00,Sales Manager
ORD-00051,Ship Item,2026-03-08T13:46:52.097936+00:00,Warehouse
ORD-00051,Send Invoice,2026-03-08T13:49:23.731290+00:00,Finance
ORD-00051,Payment Received,2026-03-10T02:02:01.737528+00:00,Finance
ORD-00051,Close Order,2026-03-10T02:33:26.437643+00:00,
ORD-00052,Receive Order,2026-03-10T04:42:25.704315+00:00,
ORD-00052,Credit Check,2026-03-10T11:20:43.137857+00:00,Credit Team
ORD-00052,Approve Order,2026-03-10T12:54:35.308124+00:00,Sales Manager
ORD-00052,Ship Item,2026-03-11T05:23:02.789646+00:00,Warehouse
ORD-00052,Send Invoice,2026-03-11T05:26:04.095606+00:00,Finance
ORD-00052,Payment Received,2026-03-13T10:06:33.052731+00:00,Finance
ORD-00052,Close Order,2026-03-13T10:08:59.518604+00:00,
ORD-00053,Receive Order,2026-03-04T18:18:55.574040+00:00,
ORD-00053,Credit Check,2026-03-05T01:11:18.491795+00:00,Credit Team
ORD-00053,Approve Order,2026-03-05T01:33:57.309639+00:00,Sales Manager
ORD-00053,Ship Item,2026-03-05T12:05:53.025350+00:00,Warehouse
ORD-00053,Send Invoice,2026-03-05T12:12:33.098656+00:00,Finance
ORD-00053,Payment Received,2026-03-07T16:12:28.325382+00:00,Finance
ORD-00053,Close Order,2026-03-07T16:54:33.419429+00:00,
ORD-00054,Receive Order,2026-03-08T06:08:37.179900+00:00,
ORD-00054,Credit Check,2026-03-08T11:33:50.746200+00:00,Credit Team
ORD-00054,Approve Order,2026-03-08T11:49:25.678554+00:00,Sales Manager
ORD-00054,Ship Item,2026-03-09T06:05:45.537218+00:00,Warehouse
ORD-00054,Send Invoice,2026-03-09T06:13:41.362160+00:00,Finance
ORD-00054,Payment Received,2026-03-10T21:34:36.216699+00:00,Finance
ORD-00054,Close Order,2026-03-10T22:00:41.234226+00:00,
ORD-00055,Receive Order,2026-03-03T19:10:42.442042+00:00,
ORD-00055,Credit Check,2026-03-03T23:33:47.301304+00:00,Credit Team
ORD-00055,Approve Order,2026-03-03T23:54:03.677130+00:00,Sales Manager
ORD-00055,Ship Item,2026-03-04T06:37:57.294686+00:00,Warehouse
ORD-00055,Send Invoice,2026-03-04T06:46:35.396314+00:00,Finance
ORD-00055,Payment Received,2026-03-08T00:30:25.206638+00:00,Finance
ORD-00055,Close Order,2026-03-08T01:18:42.221408+00:00,
ORD-00056,Receive Order,2026-03-10T16:23:19.119525+00:00,
ORD-00056,Credit Check,2026-03-10T21:21:16.332124+00:00,Credit Team
ORD-00056,Approve Order,2026-03-10T23:16:01.581657+00:00,Sales Manager
ORD-00056,Ship Item,2026-03-11T20:46:11.648314+00:00,Warehouse
ORD-00056,Send Invoice,2026-03-11T20:52:42.480568+00:00,Finance
ORD-00056,Payment Received,2026-03-17T04:27:14.102093+00:00,Finance
ORD-00056,Close Order,2026-03-17T04:58:01.016796+00:00,
ORD-00057,Receive Order,2026-03-12T23:07:27.956963+00:00,
ORD-00057,Credit Check,2026-03-13T06:21:12.575750+00:00,Credit Team
ORD-00057,Approve Order,2026-03-13T07:54:17.605036+00:00,Sales Manager
ORD-00057,Ship Item,2026-03-13T19:49:20.648405+00:00,Warehouse
ORD-00057,Send Invoice,2026-03-13T19:52:40.611841+00:00,Finance
ORD-00057,Payment Received,2026-03-16T07:28:49.691766+00:00,Finance
ORD-00057,Close Order,2026-03-16T08:07:27.013252+00:00,
ORD-00058,Receive Order,2026-03-12T01:21:53.344481+00:00,
ORD-00058,Credit Check,2026-03-12T06:33:55.552280+00:00,Credit Team
ORD-00058,Approve Order,2026-03-12T07:17:45.516196+00:00,Sales Manager
ORD-00058,Ship Item,2026-03-12T10:04:41.137896+00:00,Warehouse
ORD-00058,Send Invoice,2026-03-12T10:08:15.431097+00:00,Finance
ORD-00058,Payment Received,2026-03-15T01:15:52.542608+00:00,Finance
ORD-00058,Close Order,2026-03-15T01:35:44.314480+00:00,
ORD-00059,Receive Order,2026-03-08T21:31:01.338133+00:00,
ORD-00059,Credit Check,2026-03-08T23:45:05.398086+00:00,Credit Team
ORD-00059,Approve Order,2026-03-09T01:12:57.281903+00:00,Sales Manager
ORD-00059,Ship Item,2026-03-09T18:27:48.786835+00:00,Warehouse
ORD-00059,Send Invoice,2026-03-09T18:29:23.470414+00:00,Finance
ORD-00059,Payment Received,2026-03-13T05:11:02.983649+00:00,Finance
ORD-00059,Close Order,2026-03-13T05:44:03.827086+00:00,
ORD-00060,Receive Order,2026-03-07T03:43:50.153824+00:00,
ORD-00060,Credit Check,2026-03-07T07:22:54.028804+00:00,Credit Team
ORD-00060,Approve Order,2026-03-07T09:12:54.511218+00:00,Sales Manager
ORD-00060,Ship Item,2026-03-07T23:38:56.286714+00:00,Warehouse
ORD-00060,Send Invoice,2026-03-07T23:46:11.869127+00:00,Finance
ORD-00060,Payment Received,2026-03-14T03:08:21.754673+00:00,Finance
ORD-00060,Close Order,2026-03-14T03:54:31.959472+00:00,
ORD-00061,Receive Order,2026-03-06T15:49:30.307651+00:00,
ORD-00061,Credit Check,2026-03-06T18:57:47.795323+00:00,Credit Team
ORD-00061,Approve Order,2026-03-06T20:31:54.688611+00:00,Sales Manager
ORD-00061,Ship Item,2026-03-07T17:09:40.178918+00:00,Warehouse
ORD-00061,Send Invoice,2026-03-07T17:19:15.031301+00:00,Finance
ORD-00061,Payment Received,2026-03-11T05:39:35.664216+00:00,Finance
ORD-00061,Close Order,2026-03-11T06:24:41.869684+00:00,
ORD-00062,Receive Order,2026-03-08T23:33:26.422475+00:00,
ORD-00062,Credit Check,2026-03-09T01:42:40.967222+00:00,Credit Team
ORD-00062,Approve Order,2026-03-09T02:20:43.323520+00:00,Sales Manager
ORD-00062,Ship Item,2026-03-09T13:22:10.542337+00:00,Warehouse
ORD-00062,Send Invoice,2026-03-09T13:23:26.215740+00:00,Finance
ORD-00062,Payment Received,2026-03-12T13:47:35.771193+00:00,Finance
ORD-00062,Close Order,2026-03-12T14:28:39.933466+00:00,
ORD-00063,Receive Order,2026-03-06T23:52:41.053724+00:00,
ORD-00063,Credit Check,2026-03-07T03:53:00.587753+00:00,Credit Team
ORD-00063,Approve Order,2026-03-07T04:21:24.642876+00:00,Sales Manager
ORD-00063,Ship Item,2026-03-07T19:40:07.519245+00:00,Warehouse
ORD-00063,Send Invoice,2026-03-07T19:41:22.081129+00:00,Finance
ORD-00063,Payment Received,2026-03-11T04:25:42.182016+00:00,Finance
ORD-00063,Close Order,2026-03-11T05:00:00.129636+00:00,
ORD-00064,Receive Order,2026-03-01T17:09:56.895169+00:00,
ORD-00064,Credit Check,2026-03-01T18:41:00.781324+00:00,Credit Team
ORD-00064,Approve Order,2026-03-01T19:44:29.481522+00:00,Sales Manager
ORD-00064,Ship Item,2026-03-01T21:53:53.049175+00:00,Warehouse
ORD-00064,Send Invoice,2026-03-01T21:58:17.765262+00:00,Finance
ORD-00064,Payment Received,2026-03-04T04:27:02.456597+00:00,Finance
ORD-00064,Close Order,2026-03-04T04:47:19.490746+00:00,
ORD-00065,Receive Order,2026-03-11T23:48:54.444961+00:00,
ORD-00065,Credit Check,2026-03-12T05:57:18.710197+00:00,Credit Team
ORD-00065,Approve Order,2026-03-12T07:39:39.833193+00:00,Sales Manager
ORD-00065,Ship Item,2026-03-12T14:27:47.916025+00:00,Warehouse
ORD-00065,Send Invoice,2026-03-12T14:29:32.145391+00:00,Finance
ORD-00065,Payment Received,2026-03-13T17:17:00.441398+00:00,Finance
ORD-00065,Close Order,2026-03-13T17:49:49.984828+00:00,
ORD-00066,Receive Order,2026-03-15T08:00:32.499847+00:00,
ORD-00066,Credit Check,2026-03-15T13:23:06.390365+00:00,Credit Team
ORD-00066,Approve Order,2026-03-15T15:00:08.158578+00:00,Sales Manager
ORD-00066,Ship Item,2026-03-16T06:59:33.444032+00:00,Warehouse
ORD-00066,Send Invoice,2026-03-16T07:07:20.729962+00:00,Finance
ORD-00066,Payment Received,2026-03-22T23:51:59.452202+00:00,Finance
ORD-00066,Close Order,2026-03-23T00:04:45.189018+00:00,
ORD-00067,Receive Order,2026-03-01T14:52:28.240714+00:00,
ORD-00067,Credit Check,2026-03-01T16:19:16.207036+00:00,Credit Team
ORD-00067,Approve Order,2026-03-01T17:44:33.797757+00:00,Sales Manager
ORD-00067,Ship Item,2026-03-02T07:42:50.479141+00:00,Warehouse
ORD-00067,Send Invoice,2026-03-02T07:45:48.179993+00:00,Finance
ORD-00067,Payment Received,2026-03-07T12:29:10.821087+00:00,Finance
ORD-00067,Close Order,2026-03-07T13:15:25.640355+00:00,
ORD-00068,Receive Order,2026-03-03T16:26:03.487217+00:00,
ORD-00068,Credit Check,2026-03-03T22:32:37.479820+00:00,Credit Team
ORD-00068,Approve Order,2026-03-03T22:59:39.036910+00:00,Sales Manager
ORD-00068,Ship Item,2026-03-04T18:50:17.174143+00:00,Warehouse
ORD-00068,Send Invoice,2026-03-04T18:59:58.123360+00:00,Finance
ORD-00068,Payment Received,2026-03-06T10:33:56.515183+00:00,Finance
ORD-00068,Close Order,2026-03-06T10:36:27.416809+00:00,
ORD-00069,Receive Order,2026-03-05T16:52:46.046169+00:00,
ORD-00069,Credit Check,2026-03-06T00:33:56.712801+00:00,Credit Team
ORD-00069,Approve Order,2026-03-06T01:30:35.635783+00:00,Sales Manager
ORD-00069,Ship Item,2026-03-06T18:57:18.853361+00:00,Warehouse
ORD-00069,Send Invoice,2026-03-06T18:58:59.891459+00:00,Finance
ORD-00069,Payment Received,2026-03-11T22:25:54.404679+00:00,Finance
ORD-00069,Close Order,2026-03-11T23:03:54.842759+00:00,
ORD-00070,Receive Order,2026-03-02T18:18:25.214479+00:00,
ORD-00070,Credit Check,2026-03-03T01:11:03.131934+00:00,Credit Team
ORD-00070,Approve Order,2026-03-03T02:29:05.725107+00:00,Sales Manager
ORD-00070,Ship Item,2026-03-03T06:16:09.084495+00:00,Warehouse
ORD-00070,Send Invoice,2026-03-03T06:26:00.360445+00:00,Finance
ORD-00070,Payment Received,2026-03-08T23:07:58.523999+00:00,Finance
ORD-00070,Close Order,2026-03-08T23:29:27.625328+00:00,
ORD-00071,Receive Order,2026-03-07T07:58:34.981819+00:00,
ORD-00071,Credit Check,2026-03-07T12:16:15.923140+00:00,Credit Team
ORD-00071,Approve Order,2026-03-07T13:07:05.679542+00:00,Sales Manager
ORD-00071,Ship Item,2026-03-08T09:39:30.541458+00:00,Warehouse
ORD-00071,Send Invoice,2026-03-08T09:47:54.600154+00:00,Finance
ORD-00071,Payment Received,2026-03-10T00:59:45.950696+00:00,Finance
ORD-00071,Close Order,2026-03-10T01:57:27.138684+00:00,
ORD-00072,Receive Order,2026-03-10T05:37:42.634095+00:00,
ORD-00072,Credit Check,2026-03-10T11:25:59.967475+00:00,Credit Team
ORD-00072,Approve Order,2026-03-10T12:26:43.536489+00:00,Sales Manager
ORD-00072,Ship Item,2026-03-11T06:19:21.787661+00:00,Warehouse
ORD-00072,Send Invoice,2026-03-11T06:29:03.143476+00:00,Finance
ORD-00072,Payment Received,2026-03-13T21:22:33.857763+00:00,Finance
ORD-00072,Close Order,2026-03-13T22:11:14.882998+00:00,
ORD-00073,Receive Order,2026-03-08T20:52:29.987041+00:00,
ORD-00073,Credit Check,2026-03-09T00:38:30.498352+00:00,Credit Team
ORD-00073,Approve Order,2026-03-09T02:10:15.963502+00:00,Sales Manager
ORD-00073,Ship Item,2026-03-09T09:20:39.114052+00:00,Warehouse
ORD-00073,Send Invoice,2026-03-09T09:29:19.039158+00:00,Finance
ORD-00073,Payment Received,2026-03-15T09:06:49.999351+00:00,Finance
ORD-00073,Close Order,2026-03-15T09:12:56.786010+00:00,
ORD-00074,Receive Order,2026-03-13T16:15:39.607395+00:00,
ORD-00074,Credit Check,2026-03-13T20:14:46.735993+00:00,Credit Team
ORD-00074,Approve Order,2026-03-13T21:33:51.825730+00:00,Sales Manager
ORD-00074,Ship Item,2026-03-14T07:16:52.140112+00:00,Warehouse
ORD-00074,Send Invoice,2026-03-14T07:18:07.638111+00:00,Finance
ORD-00074,Payment Received,2026-03-20T09:50:21.588455+00:00,Finance
ORD-00074,Close Order,2026-03-20T10:02:05.301549+00:00,
ORD-00075,Receive Order,2026-03-04T07:20:31.650543+00:00,
ORD-00075,Credit Check,2026-03-04T10:23:40.799308+00:00,Credit Team
ORD-00075,Approve Order,2026-03-04T12:11:06.815180+00:00,Sales Manager
ORD-00075,Ship Item,2026-03-05T05:18:44.829708+00:00,Warehouse
ORD-00075,Send Invoice,2026-03-05T05:22:14.014739+00:00,Finance
ORD-00075,Payment Received,2026-03-06T06:49:56.352464+00:00,Finance
ORD-00075,Close Order,2026-03-06T07:46:52.493989+00:00,
ORD-00076,Receive Order,2026-03-02T12:49:50.256703+00:00,
ORD-00076,Credit Check,2026-03-02T16:59:41.858568+00:00,Credit Team
ORD-00076,Approve Order,2026-03-02T18:34:18.295885+00:00,Sales Manager
ORD-00076,Ship Item,2026-03-03T11:27:20.749191+00:00,Warehouse
ORD-00076,Send Invoice,2026-03-03T11:34:09.536757+00:00,Finance
ORD-00076,Payment Received,2026-03-07T10:14:51.316862+00:00,Finance
ORD-00076,Close Order,2026-03-07T11:02:38.299215+00:00,
ORD-00077,Receive Order,2026-03-02T15:17:50.515967+00:00,
ORD-00077,Credit Check,2026-03-02T20:59:08.769160+00:00,Credit Team
ORD-00077,Approve Order,2026-03-02T21:46:17.867150+00:00,Sales Manager
ORD-00077,Ship Item,2026-03-03T12:08:50.669616+00:00,Warehouse
ORD-00077,Send Invoice,2026-03-03T12:14:06.230280+00:00,Finance
ORD-00077,Payment Received,2026-03-07T16:41:16.159386+00:00,Finance
ORD-00077,Close Order,2026-03-07T17:07:22.442883+00:00,
ORD-00078,Receive Order,2026-03-11T18:40:22.894160+00:00,
ORD-00078,Credit Check,2026-03-12T00:26:39.977599+00:00,Credit Team
ORD-00078,Approve Order,2026-03-12T01:10:06.751089+00:00,Sales Manager
ORD-00078,Ship Item,2026-03-12T07:57:02.975478+00:00,Warehouse
ORD-00078,Send Invoice,2026-03-12T07:59:08.129656+00:00,Finance
ORD-00078,Payment Received,2026-03-14T11:43:03.827381+00:00,Finance
ORD-00078,Close Order,2026-03-14T11:51:07.051165+00:00,
ORD-00079,Receive Order,2026-03-08T20:07:03.978034+00:00,
ORD-00079,Credit Check,2026-03-08T22:00:23.023780+00:00,Credit Team
ORD-00079,Approve Order,2026-03-08T22:38:06.247011+00:00,Sales Manager
ORD-00079,Ship Item,2026-03-09T10:46:17.890032+00:00,Warehouse
ORD-00079,Send Invoice,2026-03-09T10:53:49.165933+00:00,Finance
ORD-00079,Payment Received,2026-03-16T07:31:42.246596+00:00,Finance
ORD-00079,Close Order,2026-03-16T08:03:39.461113+00:00,
ORD-00080,Receive Order,2026-03-05T07:06:39.357747+00:00,
ORD-00080,Credit Check,2026-03-05T09:04:00.532355+00:00,Credit Team
ORD-00080,Approve Order,2026-03-05T09:42:53.676285+00:00,Sales Manager
ORD-00080,Ship Item,2026-03-05T14:50:31.436102+00:00,Warehouse
ORD-00080,Send Invoice,2026-03-05T14:51:39.076220+00:00,Finance
ORD-00080,Payment Received,2026-03-09T19:46:34.706496+00:00,Finance
ORD-00080,Close Order,2026-03-09T20:03:45.768593+00:00,
ORD-00081,Receive Order,2026-03-14T23:24:59.954814+00:00,
ORD-00081,Credit Check,2026-03-15T05:08:50.224423+00:00,Credit Team
ORD-00081,Approve Order,2026-03-15T05:37:05.785229+00:00,Sales Manager
ORD-00081,Ship Item,2026-03-16T02:35:34.372362+00:00,Warehouse
ORD-00081,Send Invoice,2026-03-16T02:40:59.446857+00:00,Finance
ORD-00081,Payment Received,2026-03-22T08:21:17.357480+00:00,Finance
ORD-00081,Close Order,2026-03-22T08:56:09.544817+00:00,
ORD-00082,Receive Order,2026-03-07T21:45:48.257100+00:00,
ORD-00082,Credit Check,2026-03-07T23:38:46.076201+00:00,Credit Team
ORD-00082,Approve Order,2026-03-07T23:59:09.749519+00:00,Sales Manager
ORD-00082,Ship Item,2026-03-08T22:37:49.815331+00:00,Warehouse
ORD-00082,Send Invoice,2026-03-08T22:43:07.789092+00:00,Finance
ORD-00082,Payment Received,2026-03-14T21:06:12.539615+00:00,Finance
ORD-00082,Close Order,2026-03-14T21:30:51.043961+00:00,
ORD-00083,Receive Order,2026-03-02T08:57:00.860111+00:00,
ORD-00083,Credit Check,2026-03-02T09:51:08.305117+00:00,Credit Team
ORD-00083,Approve Order,2026-03-02T10:21:48.249899+00:00,Sales Manager
ORD-00083,Clarify Details,2026-03-02T10:59:56.768690+00:00,
ORD-00083,Approve Order,2026-03-02T11:46:50.932415+00:00,Sales Manager
ORD-00083,Ship Item,2026-03-03T11:38:27.352975+00:00,Warehouse
ORD-00083,Send Invoice,2026-03-03T11:40:31.316819+00:00,Finance
ORD-00083,Payment Received,2026-03-09T01:45:18.798876+00:00,Finance
ORD-00083,Close Order,2026-03-09T02:22:05.163361+00:00,
ORD-00084,Receive Order,2026-03-12T09:43:14.272692+00:00,
ORD-00084,Credit Check,2026-03-12T14:08:23.731141+00:00,Credit Team
ORD-00084,Approve Order,2026-03-12T15:10:41.972270+00:00,Sales Manager
ORD-00084,Clarify Details,2026-03-12T15:42:50.135282+00:00,
ORD-00084,Approve Order,2026-03-12T17:28:09.185277+00:00,Sales Manager
ORD-00084,Ship Item,2026-03-13T17:14:23.773644+00:00,Warehouse
ORD-00084,Send Invoice,2026-03-13T17:18:08.678976+00:00,Finance
ORD-00084,Payment Received,2026-03-18T10:43:49.242220+00:00,Finance
ORD-00084,Close Order,2026-03-18T11:20:47.335649+00:00,
ORD-00085,Receive Order,2026-03-11T16:44:59.445562+00:00,
ORD-00085,Credit Check,2026-03-11T18:48:29.719019+00:00,Credit Team
ORD-00085,Approve Order,2026-03-11T19:25:39.177749+00:00,Sales Manager
ORD-00085,Clarify Details,2026-03-11T20:08:40.462161+00:00,
ORD-00085,Approve Order,2026-03-11T20:40:09.921849+00:00,Sales Manager
ORD-00085,Ship Item,2026-03-12T01:40:01.683650+00:00,Warehouse
ORD-00085,Send Invoice,2026-03-12T01:41:42.218679+00:00,Finance
ORD-00085,Payment Received,2026-03-13T02:04:49.313276+00:00,Finance
ORD-00085,Close Order,2026-03-13T02:32:24.096390+00:00,
ORD-00086,Receive Order,2026-03-09T15:33:23.923846+00:00,
ORD-00086,Credit Check,2026-03-09T17:47:33.782179+00:00,Credit Team
ORD-00086,Approve Order,2026-03-09T19:16:47.603907+00:00,Sales Manager
ORD-00086,Clarify Details,2026-03-09T20:01:56.566581+00:00,
ORD-00086,Approve Order,2026-03-09T21:04:36.963937+00:00,Sales Manager
ORD-00086,Ship Item,2026-03-10T13:53:12.435319+00:00,Warehouse
ORD-00086,Send Invoice,2026-03-10T14:02:31.347283+00:00,Finance
ORD-00086,Payment Received,2026-03-16T07:29:21.396297+00:00,Finance
ORD-00086,Close Order,2026-03-16T08:07:14.101642+00:00,
ORD-00087,Receive Order,2026-03-10T14:14:11.089065+00:00,
ORD-00087,Credit Check,2026-03-10T17:55:29.841150+00:00,Credit Team
ORD-00087,Approve Order,2026-03-10T19:07:40.584136+00:00,Sales Manager
ORD-00087,Clarify Details,2026-03-10T19:50:03.488306+00:00,
ORD-00087,Approve Order,2026-03-10T21:40:26.480411+00:00,Sales Manager
ORD-00087,Ship Item,2026-03-11T17:41:11.540430+00:00,Warehouse
ORD-00087,Send Invoice,2026-03-11T17:42:50.101742+00:00,Finance
ORD-00087,Payment Received,2026-03-13T17:36:24.475674+00:00,Finance
ORD-00087,Close Order,2026-03-13T17:55:33.421491+00:00,
ORD-00088,Receive Order,2026-03-11T19:42:15.870307+00:00,
ORD-00088,Credit Check,2026-03-11T22:22:08.356191+00:00,Credit Team
ORD-00088,Approve Order,2026-03-11T22:50:11.784238+00:00,Sales Manager
ORD-00088,Clarify Details,2026-03-11T23:34:37.818212+00:00,
ORD-00088,Approve Order,2026-03-12T01:03:06.140427+00:00,Sales Manager
ORD-00088,Ship Item,2026-03-12T23:43:59.733161+00:00,Warehouse
ORD-00088,Send Invoice,2026-03-12T23:49:29.988137+00:00,Finance
ORD-00088,Payment Received,2026-03-16T22:55:53.429845+00:00,Finance
ORD-00088,Close Order,2026-03-16T23:01:38.194001+00:00,
ORD-00089,Receive Order,2026-03-01T21:26:19.291427+00:00,
ORD-00089,Credit Check,2026-03-02T00:21:21.974178+00:00,Credit Team
ORD-00089,Approve Order,2026-03-02T01:02:39.291963+00:00,Sales Manager
ORD-00089,Clarify Details,2026-03-02T01:17:13.272623+00:00,
ORD-00089,Approve Order,2026-03-02T03:13:13.312567+00:00,Sales Manager
ORD-00089,Ship Item,2026-03-02T23:26:50.685798+00:00,Warehouse
ORD-00089,Send Invoice,2026-03-02T23:33:01.293317+00:00,Finance
ORD-00089,Payment Received,2026-03-09T16:27:48.899732+00:00,Finance
ORD-00089,Close Order,2026-03-09T17:27:47.386088+00:00,
ORD-00090,Receive Order,2026-03-10T17:55:16.487019+00:00,
ORD-00090,Credit Check,2026-03-10T18:43:22.742194+00:00,Credit Team
ORD-00090,Approve Order,2026-03-10T20:17:47.235826+00:00,Sales Manager
ORD-00090,Clarify Details,2026-03-10T20:51:18.738296+00:00,
ORD-00090,Approve Order,2026-03-10T22:14:43.248079+00:00,Sales Manager
ORD-00090,Ship Item,2026-03-11T20:18:54.074919+00:00,Warehouse
ORD-00090,Send Invoice,2026-03-11T20:21:32.079059+00:00,Finance
ORD-00090,Payment Received,2026-03-16T08:38:46.956803+00:00,Finance
ORD-00090,Close Order,2026-03-16T09:17:14.094710+00:00,
ORD-00091,Receive Order,2026-03-08T05:14:33.428508+00:00,
ORD-00091,Credit Check,2026-03-08T08:21:08.377028+00:00,Credit Team
ORD-00091,Approve Order,2026-03-08T09:11:08.219908+00:00,Sales Manager
ORD-00091,Clarify Details,2026-03-08T09:54:38.620437+00:00,
ORD-00091,Approve Order,2026-03-08T11:39:42.338932+00:00,Sales Manager
ORD-00091,Ship Item,2026-03-08T20:14:50.082276+00:00,Warehouse
ORD-00091,Send Invoice,2026-03-08T20:22:04.666060+00:00,Finance
ORD-00091,Payment Received,2026-03-11T13:52:16.771175+00:00,Finance
ORD-00091,Close Order,2026-03-11T14:49:02.756305+00:00,
ORD-00092,Receive Order,2026-03-12T17:24:41.498805+00:00,
ORD-00092,Credit Check,2026-03-12T21:19:21.798337+00:00,Credit Team
ORD-00092,Approve Order,2026-03-12T22:07:23.256427+00:00,Sales Manager
ORD-00092,Clarify Details,2026-03-12T22:33:33.077786+00:00,
ORD-00092,Approve Order,2026-03-13T00:30:25.241565+00:00,Sales Manager
ORD-00092,Ship Item,2026-03-13T10:48:10.936285+00:00,Warehouse
ORD-00092,Send Invoice,2026-03-13T10:53:48.818261+00:00,Finance
ORD-00092,Payment Received,2026-03-20T09:11:09.819204+00:00,Finance
ORD-00092,Close Order,2026-03-20T09:50:57.936972+00:00,
ORD-00093,Receive Order,2026-03-08T22:21:20.391151+00:00,
ORD-00093,Credit Check,2026-03-09T00:15:45.119769+00:00,Credit Team
ORD-00093,Approve Order,2026-03-09T01:08:44.329732+00:00,Sales Manager
ORD-00093,Clarify Details,2026-03-09T01:56:33.659194+00:00,
ORD-00093,Approve Order,2026-03-09T03:17:13.734270+00:00,Sales Manager
ORD-00093,Ship Item,2026-03-09T21:46:00.950656+00:00,Warehouse
ORD-00093,Send Invoice,2026-03-09T21:48:50.872105+00:00,Finance
ORD-00093,Payment Received,2026-03-14T04:54:06.333007+00:00,Finance
ORD-00093,Close Order,2026-03-14T05:49:50.294580+00:00,
ORD-00094,Receive Order,2026-03-07T11:16:12.808607+00:00,
ORD-00094,Credit Check,2026-03-07T12:40:51.312858+00:00,Credit Team
ORD-00094,Approve Order,2026-03-07T14:38:02.137798+00:00,Sales Manager
ORD-00094,Clarify Details,2026-03-07T15:18:28.752799+00:00,
ORD-00094,Approve Order,2026-03-07T15:58:36.326812+00:00,Sales Manager
ORD-00094,Ship Item,2026-03-07T20:37:10.038775+00:00,Warehouse
ORD-00094,Send Invoice,2026-03-07T20:43:07.491839+00:00,Finance
ORD-00094,Payment Received,2026-03-12T04:14:34.622292+00:00,Finance
ORD-00094,Close Order,2026-03-12T04:21:04.582865+00:00,
ORD-00095,Receive Order,2026-03-15T05:28:33.338983+00:00,
ORD-00095,Credit Check,2026-03-15T09:26:12.432126+00:00,Credit Team
ORD-00095,Approve Order,2026-03-15T09:53:32.468865+00:00,Sales Manager
ORD-00095,Clarify Details,2026-03-15T10:45:08.898386+00:00,
ORD-00095,Approve Order,2026-03-15T11:52:28.664066+00:00,Sales Manager
ORD-00095,Ship Item,2026-03-16T05:21:23.419458+00:00,Warehouse
ORD-00095,Send Invoice,2026-03-16T05:26:58.210346+00:00,Finance
ORD-00095,Payment Received,2026-03-18T20:49:21.676802+00:00,Finance
ORD-00095,Close Order,2026-03-18T21:39:36.599569+00:00,
ORD-00096,Receive Order,2026-03-15T01:23:42.403014+00:00,
ORD-00096,Credit Check,2026-03-15T06:01:46.560090+00:00,Credit Team
ORD-00096,Approve Order,2026-03-15T06:57:03.151973+00:00,Sales Manager
ORD-00096,Clarify Details,2026-03-15T07:53:08.756423+00:00,
ORD-00096,Approve Order,2026-03-15T09:01:30.674040+00:00,Sales Manager
ORD-00096,Ship Item,2026-03-16T06:14:58.887966+00:00,Warehouse
ORD-00096,Send Invoice,2026-03-16T06:23:45.462511+00:00,Finance
ORD-00096,Payment Received,2026-03-18T22:10:32.116134+00:00,Finance
ORD-00096,Close Order,2026-03-18T22:58:08.738018+00:00,
ORD-00097,Receive Order,2026-03-07T03:29:58.575142+00:00,
ORD-00097,Credit Check,2026-03-07T07:48:27.492389+00:00,Credit Team
ORD-00097,Approve Order,2026-03-07T09:29:36.954070+00:00,Sales Manager
ORD-00097,Clarify Details,2026-03-07T09:53:45.471020+00:00,
ORD-00097,Approve Order,2026-03-07T10:40:06.372874+00:00,Sales Manager
ORD-00097,Ship Item,2026-03-08T01:10:04.816290+00:00,Warehouse
ORD-00097,Send Invoice,2026-03-08T01:20:04.223550+00:00,Finance
ORD-00097,Payment Received,2026-03-11T23:50:33.779256+00:00,Finance
ORD-00097,Close Order,2026-03-12T00:00:19.807037+00:00,
ORD-00098,Receive Order,2026-03-08T21:00:09.896537+00:00,
ORD-00098,Credit Check,2026-03-09T01:38:31.666798+00:00,Credit Team
ORD-00098,Approve Order,2026-03-09T02:50:35.276195+00:00,Sales Manager
ORD-00098,Clarify Details,2026-03-09T03:23:21.310046+00:00,
ORD-00098,Approve Order,2026-03-09T04:12:08.507352+00:00,Sales Manager
ORD-00098,Ship Item,2026-03-09T09:32:28.923895+00:00,Warehouse
ORD-00098,Send Invoice,2026-03-09T09:39:45.573046+00:00,Finance
ORD-00098,Payment Received,2026-03-13T20:00:05.470651+00:00,Finance
ORD-00098,Close Order,2026-03-13T20:14:52.281710+00:00,
ORD-00099,Receive Order,2026-03-12T04:36:09.072432+00:00,
ORD-00099,Credit Check,2026-03-12T10:41:16.111524+00:00,Credit Team
ORD-00099,Approve Order,2026-03-12T12:10:19.047174+00:00,Sales Manager
ORD-00099,Clarify Details,2026-03-12T13:00:53.273882+00:00,
ORD-00099,Approve Order,2026-03-12T13:56:25.570023+00:00,Sales Manager
ORD-00099,Ship Item,2026-03-13T06:12:19.005104+00:00,Warehouse
ORD-00099,Send Invoice,2026-03-13T06:20:42.208782+00:00,Finance
ORD-00099,Payment Received,2026-03-20T03:34:58.331863+00:00,Finance
ORD-00099,Close Order,2026-03-20T04:05:11.795283+00:00,
ORD-00100,Receive Order,2026-03-01T20:29:19.471760+00:00,
ORD-00100,Credit Check,2026-03-02T01:24:54.343351+00:00,Credit Team
ORD-00100,Approve Order,2026-03-02T03:11:13.455325+00:00,Sales Manager
ORD-00100,Clarify Details,2026-03-02T04:04:56.026447+00:00,
ORD-00100,Approve Order,2026-03-02T05:06:09.955569+00:00,Sales Manager
ORD-00100,Ship Item,2026-03-02T18:11:58.705557+00:00,Warehouse
ORD-00100,Send Invoice,2026-03-02T18:17:05.446717+00:00,Finance
ORD-00100,Payment Received,2026-03-08T02:19:00.326930+00:00,Finance
ORD-00100,Close Order,2026-03-08T02:44:11.651244+00:00,
ORD-00101,Receive Order,2026-03-10T12:02:00.539140+00:00,
ORD-00101,Credit Check,2026-03-10T16:03:16.785367+00:00,Credit Team
ORD-00101,Approve Order,2026-03-10T18:00:02.768240+00:00,Sales Manager
ORD-00101,Clarify Details,2026-03-10T18:26:58.451942+00:00,
ORD-00101,Approve Order,2026-03-10T19:54:42.490913+00:00,Sales Manager
ORD-00101,Ship Item,2026-03-11T11:51:28.965747+00:00,Warehouse
ORD-00101,Send Invoice,2026-03-11T12:00:08.919005+00:00,Finance
ORD-00101,Payment Received,2026-03-17T14:44:22.667881+00:00,Finance
ORD-00101,Close Order,2026-03-17T15:36:04.739213+00:00,
ORD-00102,Receive Order,2026-03-06T15:43:15.365920+00:00,
ORD-00102,Credit Check,2026-03-06T21:36:40.736401+00:00,Credit Team
ORD-00102,Approve Order,2026-03-06T23:11:24.967800+00:00,Sales Manager
ORD-00102,Clarify Details,2026-03-07T00:05:02.116852+00:00,
ORD-00102,Approve Order,2026-03-07T00:23:48.281181+00:00,Sales Manager
ORD-00102,Ship Item,2026-03-07T02:58:13.519048+00:00,Warehouse
ORD-00102,Send Invoice,2026-03-07T03:04:54.345997+00:00,Finance
ORD-00102,Payment Received,2026-03-13T15:41:43.990805+00:00,Finance
ORD-00102,Close Order,2026-03-13T16:41:34.878572+00:00,
ORD-00103,Receive Order,2026-03-11T18:57:32.750359+00:00,
ORD-00103,Credit Check,2026-03-11T20:11:50.714771+00:00,Credit Team
ORD-00103,Approve Order,2026-03-11T21:33:23.326092+00:00,Sales Manager
ORD-00103,Clarify Details,2026-03-11T22:27:01.063790+00:00,
ORD-00103,Approve Order,2026-03-11T23:28:36.238665+00:00,Sales Manager
ORD-00103,Ship Item,2026-03-12T16:26:19.534944+00:00,Warehouse
ORD-00103,Send Invoice,2026-03-12T16:35:27.383938+00:00,Finance
ORD-00103,Payment Received,2026-03-13T23:12:49.102100+00:00,Finance
ORD-00103,Close Order,2026-03-14T00:00:47.449967+00:00,
ORD-00104,Receive Order,2026-03-05T10:36:47.623670+00:00,
ORD-00104,Credit Check,2026-03-05T12:12:18.008154+00:00,Credit Team
ORD-00104,Approve Order,2026-03-05T13:23:04.355958+00:00,Sales Manager
ORD-00104,Clarify Details,2026-03-05T14:01:22.140144+00:00,
ORD-00104,Approve Order,2026-03-05T15:39:35.012829+00:00,Sales Manager
ORD-00104,Ship Item,2026-03-05T20:34:09.658972+00:00,Warehouse
ORD-00104,Send Invoice,2026-03-05T20:35:52.301881+00:00,Finance
ORD-00104,Payment Received,2026-03-12T01:59:55.549818+00:00,Finance
ORD-00104,Close Order,2026-03-12T02:37:29.324523+00:00,
ORD-00105,Receive Order,2026-03-04T16:59:46.795193+00:00,
ORD-00105,Credit Check,2026-03-04T18:34:10.973636+00:00,Credit Team
ORD-00105,Reject Order,2026-03-04T18:50:42.698506+00:00,
ORD-00105,Close Order,2026-03-04T19:06:41.778288+00:00,
ORD-00106,Receive Order,2026-03-04T21:48:25.441573+00:00,
ORD-00106,Credit Check,2026-03-05T04:20:30.534651+00:00,Credit Team
ORD-00106,Reject Order,2026-03-05T04:48:02.348786+00:00,
ORD-00106,Close Order,2026-03-05T05:29:01.091321+00:00,
ORD-00107,Receive Order,2026-03-03T13:07:33.327606+00:00,
ORD-00107,Credit Check,2026-03-03T16:13:03.599466+00:00,Credit Team
ORD-00107,Reject Order,2026-03-03T16:32:44.957024+00:00,
ORD-00107,Close Order,2026-03-03T17:11:26.800030+00:00,
ORD-00108,Receive Order,2026-03-07T06:36:04.115536+00:00,
ORD-00108,Credit Check,2026-03-07T13:26:27.321515+00:00,Credit Team
ORD-00108,Reject Order,2026-03-07T13:36:26.147014+00:00,
ORD-00108,Close Order,2026-03-07T14:00:07.961115+00:00,
ORD-00109,Receive Order,2026-03-08T02:23:25.400025+00:00,
ORD-00109,Credit Check,2026-03-08T07:10:47.312718+00:00,Credit Team
ORD-00109,Reject Order,2026-03-08T07:30:09.530613+00:00,
ORD-00109,Close Order,2026-03-08T08:29:43.660447+00:00,
ORD-00110,Receive Order,2026-03-05T11:16:45.826573+00:00,
ORD-00110,Credit Check,2026-03-05T16:42:58.031603+00:00,Credit Team
ORD-00110,Reject Order,2026-03-05T16:54:49.752173+00:00,
ORD-00110,Close Order,2026-03-05T17:29:13.140893+00:00,
ORD-00111,Receive Order,2026-03-10T22:29:41.786933+00:00,
ORD-00111,Credit Check,2026-03-10T23:21:45.981704+00:00,Credit Team
ORD-00111,Reject Order,2026-03-10T23:41:55.591444+00:00,
ORD-00111,Close Order,2026-03-11T00:12:14.006038+00:00,
ORD-00112,Receive Order,2026-03-13T23:49:54.926461+00:00,
ORD-00112,Credit Check,2026-03-14T06:19:24.149688+00:00,Credit Team
ORD-00112,Reject Order,2026-03-14T06:39:34.747185+00:00,
ORD-00112,Close Order,2026-03-14T07:01:21.963369+00:00,
ORD-00113,Receive Order,2026-03-10T05:57:41.999115+00:00,
ORD-00113,Credit Check,2026-03-10T11:32:41.639498+00:00,Credit Team
ORD-00113,Reject Order,2026-03-10T11:55:43.032063+00:00,
ORD-00113,Close Order,2026-03-10T12:35:36.534716+00:00,
ORD-00114,Receive Order,2026-03-13T01:44:23.356223+00:00,
ORD-00114,Credit Check,2026-03-13T09:00:55.256233+00:00,Credit Team
ORD-00114,Reject Order,2026-03-13T09:22:04.767146+00:00,
ORD-00114,Close Order,2026-03-13T09:41:18.389555+00:00,
ORD-00115,Receive Order,2026-03-07T12:10:18.828534+00:00,
ORD-00115,Credit Check,2026-03-07T18:09:52.542268+00:00,Credit Team
ORD-00115,Reject Order,2026-03-07T18:17:07.742332+00:00,
ORD-00115,Close Order,2026-03-07T18:35:32.433331+00:00,
ORD-00116,Receive Order,2026-03-11T19:10:55.007846+00:00,
ORD-00116,Credit Check,2026-03-11T20:40:23.322385+00:00,Credit Team
ORD-00116,Reject Order,2026-03-11T20:58:52.434023+00:00,
ORD-00116,Close Order,2026-03-11T21:57:11.507140+00:00,
ORD-00117,Receive Order,2026-03-08T18:26:38.268105+00:00,
ORD-00117,Credit Check,2026-03-09T01:10:21.028833+00:00,Credit Team
ORD-00117,Reject Order,2026-03-09T01:21:46.483960+00:00,
ORD-00117,Close Order,2026-03-09T02:11:25.885896+00:00,
ORD-00118,Receive Order,2026-03-08T01:58:16.692254+00:00,
ORD-00118,Credit Check,2026-03-08T08:04:13.794723+00:00,Credit Team
ORD-00118,Reject Order,2026-03-08T08:17:41.867604+00:00,
ORD-00118,Close Order,2026-03-08T08:25:29.568368+00:00,
ORD-00119,Receive Order,2026-03-14T19:33:29.508738+00:00,
ORD-00119,Credit Check,2026-03-15T03:18:25.014393+00:00,Credit Team
ORD-00119,Reject Order,2026-03-15T03:44:55.225288+00:00,
ORD-00119,Close Order,2026-03-15T04:28:38.952449+00:00,
ORD-00120,Receive Order,2026-03-15T01:20:30.281608+00:00,
ORD-00120,Credit Check,2026-03-15T07:52:34.147997+00:00,Credit Team
ORD-00120,Approve Order,2026-03-15T08:45:58.530808+00:00,Sales Manager
ORD-00120,Ship Item,2026-03-16T03:57:06.997807+00:00,Warehouse
ORD-00120,Send Invoice,2026-03-16T03:58:14.513881+00:00,Finance
ORD-00120,Payment Overdue,2026-03-18T05:43:34.208750+00:00,Finance
ORD-00120,Send Reminder,2026-03-18T17:11:10.491846+00:00,Finance
ORD-00120,Payment Received,2026-03-23T18:04:24.725009+00:00,Finance
ORD-00120,Close Order,2026-03-23T18:45:04.811432+00:00,
ORD-00121,Receive Order,2026-03-09T12:29:01.267014+00:00,
ORD-00121,Credit Check,2026-03-09T20:02:09.148092+00:00,Credit Team
ORD-00121,Approve Order,2026-03-09T20:28:31.728536+00:00,Sales Manager
ORD-00121,Ship Item,2026-03-10T02:51:12.182039+00:00,Warehouse
ORD-00121,Send Invoice,2026-03-10T02:52:25.695350+00:00,Finance
ORD-00121,Payment Overdue,2026-03-12T21:19:01.476603+00:00,Finance
ORD-00121,Send Reminder,2026-03-13T11:13:46.007853+00:00,Finance
ORD-00121,Payment Received,2026-03-19T23:01:34.670945+00:00,Finance
ORD-00121,Close Order,2026-03-19T23:15:38.310833+00:00,
ORD-00122,Receive Order,2026-03-02T05:18:45.058271+00:00,
ORD-00122,Credit Check,2026-03-02T12:37:58.524509+00:00,Credit Team
ORD-00122,Approve Order,2026-03-02T13:24:42.322609+00:00,Sales Manager
ORD-00122,Ship Item,2026-03-02T23:48:09.219469+00:00,Warehouse
ORD-00122,Send Invoice,2026-03-02T23:50:24.699056+00:00,Finance
ORD-00122,Payment Overdue,2026-03-05T21:15:38.691938+00:00,Finance
ORD-00122,Send Reminder,2026-03-06T05:15:40.079523+00:00,Finance
ORD-00122,Payment Received,2026-03-10T04:11:56.682001+00:00,Finance
ORD-00122,Close Order,2026-03-10T04:18:40.741676+00:00,
ORD-00123,Receive Order,2026-03-13T18:08:41.418968+00:00,
ORD-00123,Credit Check,2026-03-13T22:02:49.800404+00:00,Credit Team
ORD-00123,Approve Order,2026-03-13T23:28:13.863583+00:00,Sales Manager
ORD-00123,Ship Item,2026-03-14T17:33:45.865645+00:00,Warehouse
ORD-00123,Send Invoice,2026-03-14T17:43:16.691651+00:00,Finance
ORD-00123,Payment Overdue,2026-03-16T13:50:21.794641+00:00,Finance
ORD-00123,Send Reminder,2026-03-17T07:54:41.669064+00:00,Finance
ORD-00123,Payment Received,2026-03-19T06:09:46.341673+00:00,Finance
ORD-00123,Close Order,2026-03-19T06:35:15.032900+00:00,
ORD-00124,Receive Order,2026-03-02T17:19:14.012635+00:00,
ORD-00124,Credit Check,2026-03-02T20:52:53.141549+00:00,Credit Team
ORD-00124,Approve Order,2026-03-02T22:47:47.727159+00:00,Sales Manager
ORD-00124,Ship Item,2026-03-03T00:32:56.635711+00:00,Warehouse
ORD-00124,Send Invoice,2026-03-03T00:37:16.721889+00:00,Finance
ORD-00124,Payment Overdue,2026-03-04T21:54:13.319160+00:00,Finance
ORD-00124,Send Reminder,2026-03-05T20:45:59.287224+00:00,Finance
ORD-00124,Payment Received,2026-03-11T23:57:04.667434+00:00,Finance
ORD-00124,Close Order,2026-03-12T00:03:56.382805+00:00,
ORD-00125,Receive Order,2026-03-10T22:26:29.520933+00:00,
ORD-00125,Credit Check,2026-03-11T06:16:31.269228+00:00,Credit Team
ORD-00125,Approve Order,2026-03-11T07:09:10.914428+00:00,Sales Manager
ORD-00125,Ship Item,2026-03-11T17:18:36.876847+00:00,Warehouse
ORD-00125,Send Invoice,2026-03-11T17:21:19.373471+00:00,Finance
ORD-00125,Payment Overdue,2026-03-12T23:13:08.572929+00:00,Finance
ORD-00125,Send Reminder,2026-03-13T19:43:25.720934+00:00,Finance
ORD-00125,Payment Received,2026-03-17T13:12:11.204801+00:00,Finance
ORD-00125,Close Order,2026-03-17T13:52:17.406134+00:00,
ORD-00126,Receive Order,2026-03-10T07:40:09.038595+00:00,
ORD-00126,Credit Check,2026-03-10T08:19:45.689873+00:00,Credit Team
ORD-00126,Approve Order,2026-03-10T09:57:22.495793+00:00,Sales Manager
ORD-00126,Ship Item,2026-03-10T16:33:30.000478+00:00,Warehouse
ORD-00126,Send Invoice,2026-03-10T16:35:37.999376+00:00,Finance
ORD-00126,Payment Overdue,2026-03-12T19:41:37.073613+00:00,Finance
ORD-00126,Send Reminder,2026-03-12T22:16:17.994267+00:00,Finance
ORD-00126,Payment Received,2026-03-18T12:27:15.577928+00:00,Finance
ORD-00126,Close Order,2026-03-18T12:40:28.915019+00:00,
ORD-00127,Receive Order,2026-03-04T08:38:03.482183+00:00,
ORD-00127,Credit Check,2026-03-04T11:35:54.590126+00:00,Credit Team
ORD-00127,Approve Order,2026-03-04T12:06:24.181460+00:00,Sales Manager
ORD-00127,Ship Item,2026-03-05T09:49:08.151210+00:00,Warehouse
ORD-00127,Send Invoice,2026-03-05T09:50:09.682408+00:00,Finance
ORD-00127,Payment Overdue,2026-03-08T03:02:22.261046+00:00,Finance
ORD-00127,Send Reminder,2026-03-08T07:22:02.425817+00:00,Finance
ORD-00127,Payment Received,2026-03-10T02:05:10.346757+00:00,Finance
ORD-00127,Close Order,2026-03-10T02:20:57.662613+00:00,
ORD-00128,Receive Order,2026-03-03T18:41:30.371276+00:00,
ORD-00128,Credit Check,2026-03-03T19:23:06.435320+00:00,Credit Team
ORD-00128,Approve Order,2026-03-03T19:39:40.055382+00:00,Sales Manager
ORD-00128,Ship Item,2026-03-04T14:49:50.785581+00:00,Warehouse
ORD-00128,Send Invoice,2026-03-04T14:52:59.268648+00:00,Finance
ORD-00128,Payment Overdue,2026-03-06T06:25:26.977275+00:00,Finance
ORD-00128,Send Reminder,2026-03-06T11:25:54.562751+00:00,Finance
ORD-00128,Payment Received,2026-03-07T18:58:38.213610+00:00,Finance
ORD-00128,Close Order,2026-03-07T19:43:23.895532+00:00,
ORD-00129,Receive Order,2026-03-08T16:49:52.012639+00:00,
ORD-00129,Credit Check,2026-03-08T20:54:10.653705+00:00,Credit Team
ORD-00129,Approve Order,2026-03-08T22:30:52.161053+00:00,Sales Manager
ORD-00129,Ship Item,2026-03-09T11:19:08.263943+00:00,Warehouse
ORD-00129,Send Invoice,2026-03-09T11:21:07.153108+00:00,Finance
ORD-00129,Payment Overdue,2026-03-11T11:32:10.478703+00:00,Finance
ORD-00129,Send Reminder,2026-03-12T10:16:50.893941+00:00,Finance
ORD-00129,Payment Received,2026-03-13T16:31:31.329070+00:00,Finance
ORD-00129,Close Order,2026-03-13T17:18:43.952636+00:00,
ORD-00130,Receive Order,2026-03-13T11:21:25.254318+00:00,
ORD-00130,Credit Check,2026-03-13T15:17:32.402415+00:00,Credit Team
ORD-00130,Approve Order,2026-03-13T17:13:45.767369+00:00,Sales Manager
ORD-00130,Ship Item,2026-03-13T19:37:42.111110+00:00,Warehouse
ORD-00130,Send Invoice,2026-03-13T19:43:00.761342+00:00,Finance
ORD-00130,Payment Overdue,2026-03-15T14:59:40.222922+00:00,Finance
ORD-00130,Send Reminder,2026-03-16T07:46:29.095596+00:00,Finance
ORD-00130,Payment Received,2026-03-20T06:22:24.469584+00:00,Finance
ORD-00130,Close Order,2026-03-20T07:17:04.810519+00:00,
ORD-00131,Receive Order,2026-03-02T08:42:53.759506+00:00,
ORD-00131,Credit Check,2026-03-02T13:46:37.789944+00:00,Credit Team
ORD-00131,Approve Order,2026-03-02T14:08:31.588014+00:00,Sales Manager
ORD-00131,Ship Item,2026-03-02T21:28:02.912777+00:00,Warehouse
ORD-00131,Send Invoice,2026-03-02T21:34:44.774208+00:00,Finance
ORD-00131,Payment Overdue,2026-03-04T23:54:00.766012+00:00,Finance
ORD-00131,Send Reminder,2026-03-05T08:22:46.120719+00:00,Finance
ORD-00131,Payment Received,2026-03-12T07:36:21.149357+00:00,Finance
ORD-00131,Close Order,2026-03-12T08:08:39.320562+00:00,
ORD-00132,Receive Order,2026-03-07T16:30:19.471529+00:00,
ORD-00132,Credit Check,2026-03-07T17:44:57.289994+00:00,Credit Team
ORD-00132,Approve Order,2026-03-07T19:13:38.500331+00:00,Sales Manager
ORD-00132,Ship Item,2026-03-08T15:50:29.738979+00:00,Warehouse
ORD-00132,Send Invoice,2026-03-08T15:57:21.233978+00:00,Finance
ORD-00132,Payment Overdue,2026-03-11T04:51:57.993740+00:00,Finance
ORD-00132,Send Reminder,2026-03-11T22:26:43.538839+00:00,Finance
ORD-00132,Payment Received,2026-03-14T05:24:31.496423+00:00,Finance
ORD-00132,Close Order,2026-03-14T05:52:10.000826+00:00,
ORD-00133,Receive Order,2026-03-04T12:48:47.171140+00:00,
ORD-00133,Credit Check,2026-03-04T16:42:51.641519+00:00,Credit Team
ORD-00133,Approve Order,2026-03-04T17:41:32.376316+00:00,Sales Manager
ORD-00133,Ship Item,2026-03-04T20:52:45.483808+00:00,Warehouse
ORD-00133,Send Invoice,2026-03-04T20:57:35.936371+00:00,Finance
ORD-00133,Payment Overdue,2026-03-07T04:53:06.575108+00:00,Finance
ORD-00133,Send Reminder,2026-03-07T14:29:38.699848+00:00,Finance
ORD-00133,Payment Received,2026-03-09T12:28:26.718448+00:00,Finance
ORD-00133,Close Order,2026-03-09T13:23:54.085474+00:00,
ORD-00134,Receive Order,2026-03-02T06:37:44.074775+00:00,
ORD-00134,Credit Check,2026-03-02T07:49:41.287521+00:00,Credit Team
ORD-00134,Approve Order,2026-03-02T08:14:49.643446+00:00,Sales Manager
ORD-00134,Ship Item,2026-03-03T02:14:21.952121+00:00,Warehouse
ORD-00134,Send Invoice,2026-03-03T02:22:40.307535+00:00,Finance
ORD-00134,Payment Overdue,2026-03-05T05:05:01.170649+00:00,Finance
ORD-00134,Send Reminder,2026-03-05T19:34:20.479500+00:00,Finance
ORD-00134,Payment Received,2026-03-10T04:26:26.876513+00:00,Finance
ORD-00134,Close Order,2026-03-10T04:46:53.823287+00:00,
ORD-00135,Receive Order,2026-03-03T01:06:35.826304+00:00,
ORD-00135,Credit Check,2026-03-03T06:36:00.020344+00:00,Credit Team
ORD-00135,Approve Order,2026-03-03T08:09:46.811121+00:00,Sales Manager
ORD-00135,Ship Item,2026-03-04T05:07:44.841047+00:00,Warehouse
ORD-00135,Send Invoice,2026-03-04T05:15:14.213814+00:00,Finance
ORD-00135,Payment Overdue,2026-03-07T03:44:13.496268+00:00,Finance
ORD-00135,Send Reminder,2026-03-07T18:32:47.451821+00:00,Finance
ORD-00135,Payment Received,2026-03-10T21:11:00.834484+00:00,Finance
ORD-00135,Close Order,2026-03-10T21:46:06.666039+00:00,
ORD-00136,Receive Order,2026-03-04T07:32:26.476054+00:00,
ORD-00136,Credit Check,2026-03-04T09:43:21.087520+00:00,Credit Team
ORD-00136,Approve Order,2026-03-04T10:09:42.863326+00:00,Sales Manager
ORD-00136,Ship Item,2026-03-05T06:36:19.782386+00:00,Warehouse
ORD-00136,Send Invoice,2026-03-05T06:40:38.265353+00:00,Finance
ORD-00136,Payment Overdue,2026-03-07T19:16:56.518552+00:00,Finance
ORD-00136,Send Reminder,2026-03-08T09:29:11.998911+00:00,Finance
ORD-00136,Payment Received,2026-03-14T05:43:35.557716+00:00,Finance
ORD-00136,Close Order,2026-03-14T06:34:27.406987+00:00,
ORD-00137,Receive Order,2026-03-14T23:31:07.992377+00:00,
ORD-00137,Credit Check,2026-03-15T04:37:14.470951+00:00,Credit Team
ORD-00137,Approve Order,2026-03-15T05:59:43.475683+00:00,Sales Manager
ORD-00137,Ship Item,2026-03-15T07:35:57.292927+00:00,Warehouse
ORD-00137,Send Invoice,2026-03-15T07:45:18.998444+00:00,Finance
ORD-00137,Payment Overdue,2026-03-17T23:34:09.822949+00:00,Finance
ORD-00137,Send Reminder,2026-03-18T06:43:14.494592+00:00,Finance
ORD-00137,Payment Received,2026-03-20T08:42:02.186297+00:00,Finance
ORD-00137,Close Order,2026-03-20T09:24:29.739953+00:00,
ORD-00138,Receive Order,2026-03-05T15:51:29.437527+00:00,
ORD-00138,Credit Check,2026-03-05T16:24:14.293841+00:00,Credit Team
ORD-00138,Approve Order,2026-03-05T18:10:34.428892+00:00,Sales Manager
ORD-00138,Ship Item,2026-03-06T08:12:05.815538+00:00,Warehouse
ORD-00138,Send Invoice,2026-03-06T08:16:42.239084+00:00,Finance
ORD-00138,Payment Overdue,2026-03-07T15:05:18.179321+00:00,Finance
ORD-00138,Write Off,2026-03-07T23:03:11.791022+00:00,Controller
ORD-00138,Close Order,2026-03-07T23:06:00.317150+00:00,
ORD-00139,Receive Order,2026-03-11T18:43:28.419213+00:00,
ORD-00139,Credit Check,2026-03-11T22:22:23.896545+00:00,Credit Team
ORD-00139,Approve Order,2026-03-11T23:13:11.541230+00:00,Sales Manager
ORD-00139,Ship Item,2026-03-12T08:43:51.937287+00:00,Warehouse
ORD-00139,Send Invoice,2026-03-12T08:51:21.599110+00:00,Finance
ORD-00139,Payment Overdue,2026-03-14T22:08:38.794240+00:00,Finance
ORD-00139,Write Off,2026-03-15T05:23:15.499082+00:00,Controller
ORD-00139,Close Order,2026-03-15T05:29:16.247004+00:00,
ORD-00140,Receive Order,2026-03-02T01:42:13.414819+00:00,
ORD-00140,Credit Check,2026-03-02T06:50:15.045731+00:00,Credit Team
ORD-00140,Approve Order,2026-03-02T08:16:01.048608+00:00,Sales Manager
ORD-00140,Ship Item,2026-03-02T15:31:31.164054+00:00,Warehouse
ORD-00140,Send Invoice,2026-03-02T15:38:28.610948+00:00,Finance
ORD-00140,Payment Overdue,2026-03-04T14:57:10.953553+00:00,Finance
ORD-00140,Write Off,2026-03-04T20:48:55.903346+00:00,Controller
ORD-00140,Close Order,2026-03-04T21:06:02.913975+00:00,
ORD-00141,Receive Order,2026-03-11T21:41:06.542783+00:00,
ORD-00141,Credit Check,2026-03-12T01:24:34.210885+00:00,Credit Team
ORD-00141,Approve Order,2026-03-12T02:09:18.663647+00:00,Sales Manager
ORD-00141,Ship Item,2026-03-12T18:45:37.325541+00:00,Warehouse
ORD-00141,Send Invoice,2026-03-12T18:51:00.107228+00:00,Finance
ORD-00141,Payment Overdue,2026-03-15T02:52:20.613378+00:00,Finance
ORD-00141,Write Off,2026-03-15T04:22:19.140937+00:00,Controller
ORD-00141,Close Order,2026-03-15T04:46:38.373359+00:00,
ORD-00142,Receive Order,2026-03-09T17:23:25.312821+00:00,
ORD-00142,Credit Check,2026-03-09T20:09:03.635595+00:00,Credit Team
ORD-00142,Approve Order,2026-03-09T20:46:14.409664+00:00,Sales Manager
ORD-00142,Ship Item,2026-03-10T00:55:37.451539+00:00,Warehouse
ORD-00142,Send Invoice,2026-03-10T00:58:55.432071+00:00,Finance
ORD-00142,Payment Overdue,2026-03-11T16:43:54.975177+00:00,Finance
ORD-00142,Write Off,2026-03-11T17:49:01.079477+00:00,Controller
ORD-00142,Close Order,2026-03-11T18:34:05.509474+00:00,
ORD-00143,Receive Order,2026-03-03T19:04:31.682136+00:00,
ORD-00143,Credit Check,2026-03-04T00:51:10.806247+00:00,Credit Team
ORD-00143,Approve Order,2026-03-04T01:58:42.459030+00:00,Sales Manager
ORD-00143,Ship Item,2026-03-04T22:08:44.186990+00:00,Warehouse
ORD-00143,Send Invoice,2026-03-04T22:16:59.535091+00:00,Finance
ORD-00143,Payment Overdue,2026-03-06T01:44:34.180902+00:00,Finance
ORD-00143,Write Off,2026-03-06T12:13:20.049638+00:00,Controller
ORD-00143,Close Order,2026-03-06T12:16:49.799644+00:00,
ORD-00144,Receive Order,2026-03-01T14:22:30.841638+00:00,
ORD-00144,Credit Check,2026-03-01T21:20:27.812006+00:00,Credit Team
ORD-00144,Approve Order,2026-03-01T22:35:55.094719+00:00,Sales Manager
ORD-00144,Ship Item,2026-03-02T12:47:12.588296+00:00,Warehouse
ORD-00144,Send Invoice,2026-03-02T12:54:35.717735+00:00,Finance
ORD-00144,Payment Overdue,2026-03-04T08:57:33.233996+00:00,Finance
ORD-00144,Write Off,2026-03-04T11:13:34.099553+00:00,Controller
ORD-00144,Close Order,2026-03-04T11:15:47.931772+00:00,
ORD-00145,Receive Order,2026-03-05T21:11:31.907174+00:00,
ORD-00145,Credit Check,2026-03-06T02:19:41.289283+00:00,Credit Team
ORD-00145,Approve Order,2026-03-06T04:02:03.052535+00:00,Sales Manager
ORD-00145,Ship Item,2026-03-07T02:11:19.987979+00:00,Warehouse
ORD-00145,Send Invoice,2026-03-07T02:13:07.578115+00:00,Finance
ORD-00145,Payment Overdue,2026-03-09T18:45:14.475491+00:00,Finance
ORD-00145,Write Off,2026-03-09T22:25:49.807894+00:00,Controller
ORD-00145,Close Order,2026-03-09T23:01:34.412255+00:00,
ORD-00146,Receive Order,2026-03-08T16:05:40.076021+00:00,
ORD-00146,Credit Check,2026-03-08T18:55:17.489191+00:00,Credit Team
ORD-00146,Approve Order,2026-03-08T19:45:56.422862+00:00,Sales Manager
ORD-00146,Ship Item,2026-03-09T04:25:34.504804+00:00,Warehouse
ORD-00146,Send Invoice,2026-03-09T04:28:05.296466+00:00,Finance
ORD-00146,Payment Overdue,2026-03-11T04:58:16.808035+00:00,Finance
ORD-00146,Write Off,2026-03-11T07:13:32.262973+00:00,Controller
ORD-00146,Close Order,2026-03-11T07:44:37.493274+00:00,
ORD-00147,Receive Order,2026-03-14T00:25:47.986183+00:00,
ORD-00147,Credit Check,2026-03-14T06:23:07.222036+00:00,Credit Team
ORD-00147,Approve Order,2026-03-14T08:04:06.598226+00:00,Sales Manager
ORD-00147,Ship Item,2026-03-15T03:48:51.662302+00:00,Warehouse
ORD-00147,Send Invoice,2026-03-15T03:51:59.247480+00:00,Finance
ORD-00147,Payment Overdue,2026-03-16T10:53:44.808398+00:00,Finance
ORD-00147,Write Off,2026-03-16T14:03:56.771790+00:00,Controller
ORD-00147,Close Order,2026-03-16T14:40:29.264198+00:00,
ORD-00148,Receive Order,2026-03-11T23:29:33.743657+00:00,
ORD-00148,Credit Check,2026-03-12T01:19:16.689139+00:00,Credit Team
ORD-00148,Approve Order,2026-03-12T02:55:25.632101+00:00,Sales Manager
ORD-00148,Ship Item,2026-03-12T15:17:18.521772+00:00,Warehouse
ORD-00148,Send Invoice,2026-03-12T15:25:05.922518+00:00,Finance
ORD-00148,Payment Overdue,2026-03-15T03:53:32.693970+00:00,Finance
ORD-00148,Write Off,2026-03-15T09:49:49.342147+00:00,Controller
ORD-00148,Close Order,2026-03-15T10:45:20.848222+00:00,
ORD-00149,Receive Order,2026-03-09T05:43:41.732801+00:00,
ORD-00149,Credit Check,2026-03-09T10:54:43.820846+00:00,Credit Team
ORD-00149,Approve Order,2026-03-09T12:40:28.576157+00:00,Sales Manager
ORD-00149,Ship Item,2026-03-10T04:06:02.177448+00:00,Warehouse
ORD-00149,Send Invoice,2026-03-10T04:08:23.694445+00:00,Finance
ORD-00149,Payment Overdue,2026-03-11T07:25:03.559913+00:00,Finance
ORD-00149,Write Off,2026-03-11T13:16:54.999241+00:00,Controller
ORD-00149,Close Order,2026-03-11T13:35:46.983581+00:00,
